,prompt,response
0,Why did the scarecrow win an award? Because he was outstanding in his field.,"The sentence ""Why did the scarecrow win an award? Because he was outstanding in his field."" is a joke or a pun in the form of a question-answer format. The answer ""Because he was outstanding in his field."" is a play on words as ""outstanding"" can mean both ""excellent"" and ""standing outside"". The joke refers to the fact that the scarecrow is a figure often made to stand in fields to scare away birds.

"
0,Why did the tomato turn red? Because it saw the salad dressing.,"The sentence ""Why did the tomato turn red? Because it saw the salad dressing."" is also a joke or a pun. The answer ""Because it saw the salad dressing."" is a play on words, as ""saw"" can mean both ""observed"" and ""cut"", and the joke is based on the idea that the tomato, being a type of fruit, turned red due to the embarrassment it felt when it saw the salad dressing. This joke is an example of a type of humor known as a ""groaner"" because the punchline is predictable and often elicits a groan from the audience.

"
0,Why was the math book sad? Because it had too many problems.,"The sentence ""Why was the math book sad? Because it had too many problems."" is another joke or pun. The answer ""Because it had too many problems."" is a play on words, as ""problems"" can mean both mathematical problems and difficulties. The joke is based on the idea that the math book is unhappy because it contains too many challenging mathematical problems for the reader to solve. This type of joke is a common example of word play and is often used to lighten up a conversation or bring a smile to someone's face.

"
0,Why don't scientists trust atoms? Because they make up everything.,"The sentence ""Why don't scientists trust atoms? Because they make up everything."" is a joke or a pun. The answer ""Because they make up everything."" is a play on words, as ""make up"" can mean both ""compose"" and ""fabricate"". The joke is based on the idea that atoms are the basic building blocks of matter, and that scientists don't trust them because everything is made up of atoms and they can be used to explain or describe everything. The joke is a lighthearted take on the importance of atoms in science and the vastness of their applications in explaining the natural world.

"
0,Why did the cookie go to the doctor? Because it was feeling crumbly.,"The sentence ""Why did the cookie go to the doctor? Because it was feeling crumbly."" is a joke or a pun. The answer ""Because it was feeling crumbly."" is a play on words, as ""crumbly"" can mean both ""falling apart"" and ""having crumbs"". The joke is based on the idea that the cookie was in a state of disrepair, either physically or emotionally, and needed to see a doctor. This type of joke is often used to bring a smile to someone's face and to add some lighthearted humor to a conversation.

"
0,Why couldn't the bicycle stand up by itself? Because it was two-tired.,"The sentence ""Why couldn't the bicycle stand up by itself? Because it was two-tired."" is a joke or a pun. The answer ""Because it was two-tired."" is a play on words, as ""two-tired"" sounds like ""too tired"". The joke is based on the idea that the bicycle is exhausted and unable to stand on its own because it has two tires. This type of joke is often used to bring a smile to someone's face and to add some lighthearted humor to a conversation.

"
0,Why did the frog call his insurance company? He had a jump in his car.,"The sentence ""Why did the frog call his insurance company? He had a jump in his car."" is a joke or a pun. The answer ""He had a jump in his car."" is a play on words, as ""jump"" can mean both a sudden movement and a boost of electrical energy to start a car engine. The joke is based on the idea that the frog had some kind of problem with his car and needed to call his insurance company for assistance. This type of joke is often used to bring a smile to someone's face and to add some lighthearted humor to a conversation.

"
0,Why did the chicken cross the playground? To get to the other slide.,"The sentence ""Why did the chicken cross the playground? To get to the other slide."" is a joke or a pun. The answer ""To get to the other slide."" is a play on words, as it refers to the children's playground activity of sliding down a slide. The joke is based on the idea that the chicken is crossing the playground to reach the other slide, implying that the chicken is a playful or adventurous animal. This type of joke is often used to bring a smile to someone's face and to add some lighthearted humor to a conversation.

"
0,Why was the computer cold? Because it left its Windows open.,"The sentence ""Why did the chicken cross the playground? To get to the other slide."" is a joke or a pun. The answer ""To get to the other slide."" is a play on words, as it refers to the children's playground activity of sliding down a slide. The joke is based on the idea that the chicken is crossing the playground to reach the other slide, implying that the chicken is a playful or adventurous animal. This type of joke is often used to bring a smile to someone's face and to add some lighthearted humor to a conversation.

"
0,Why don't oysters give to charity? Because they're shellfish.,"That sentence is a joke in the form of a pun. The word ""shellfish"" is a play on the word ""selfish,"" suggesting that the reason oysters do not give to charity is because they are considered greedy or ungenerous.

"
0,Why did the computer go to the doctor? Because it had a virus.,"That sentence is a joke in the form of a pun. The word ""virus"" is a play on the word ""virus,"" which is a term used to describe malicious software that can infect a computer system and cause problems. The joke is that the computer went to the doctor because it was experiencing issues that were caused by a ""virus.""

"
0,Why did the banana go to the doctor? Because it wasn't peeling well.,"That sentence is a joke in the form of a pun. The phrase ""wasn't peeling well"" is a play on the word ""feeling,"" implying that the banana was experiencing some kind of health issue. The joke is that the banana went to the doctor because it was having trouble peeling, as if it were a human experiencing a physical ailment.

"
0,Why did the coffee file a police report? Because it got mugged.,"That sentence is a joke in the form of a pun. The word ""mugged"" is a play on the word ""mug,"" which is a term used to describe a cup or container used to hold hot beverages such as coffee. The joke is that the coffee filed a police report because it was ""mugged,"" or taken out of its container, implying that it was stolen or taken without permission.

"
0,Why did the golfer bring two pairs of pants? In case he got a hole in one.,"That sentence is a joke in the form of a pun. The phrase ""got a hole in one"" is a play on the golfing term ""hole in one,"" which refers to a shot that goes directly into the hole on a golf course. The joke is that the golfer brought two pairs of pants because he was worried about getting a ""hole in one,"" implying that he might accidentally rip or tear his pants, which is why he brought a backup pair.

"
0,Why did the man put his money in the freezer? He wanted cold hard cash.,"That sentence is a joke in the form of a pun. The phrase ""cold hard cash"" is a play on words, combining the idea of money that is ""hard"" or tangible with the idea of something being ""cold,"" as in stored in a refrigerator or freezer. The joke is that the man put his money in the freezer because he wanted ""cold hard cash,"" implying that he wanted his money to be both tangible and well-preserved.

"
0,Why don't seagulls fly over the bay? Because then they'd be bagels.,"That sentence is a joke in the form of a pun. The word ""bagels"" is a play on the words ""bay"" and ""gulls,"" suggesting that if seagulls flew over the bay, they would be ""bay-gulls,"" or ""bagels."" The joke is that the seagulls don't fly over the bay because they would become ""bagels,"" which is an absurd idea.

"
0,Why did the chicken go to the seance? To talk to the other side.,"That sentence is a joke in the form of a pun. The phrase ""to talk to the other side"" is a play on the idea of a seance, which is a gathering where people attempt to communicate with spirits or entities from beyond the physical world. The joke is that the chicken went to the seance ""to talk to the other side,"" implying that it wanted to communicate with the afterlife, even though chickens are a type of animal and not typically thought of as having the ability to communicate with the spirit world.

"
0,Why was the belt sent to jail? Because it held up a pair of pants.,"That sentence is a joke in the form of a pun. The phrase ""held up a pair of pants"" is a play on the phrase ""held up,"" which is another way of saying ""robbed"" or ""stole."" The joke is that the belt was sent to jail because it ""held up a pair of pants,"" implying that it committed a crime by supporting the pants and keeping them up.

"
0,Why did the chicken cross the road? To get to the other side.,"That sentence is a classic joke in the form of a riddle. The punchline, ""to get to the other side,"" is a play on the idea that the answer to the riddle is unexpected or absurd. The joke is that the question is a set-up for a seemingly straightforward answer, but the answer is not what one might initially expect, making the joke amusing or surprising.

"
0,Why did the computer go to the doctor? Because it had a byte.,"That sentence is a joke in the form of a pun. The word ""byte"" is a play on the words ""bite"" and ""byte,"" which is a unit of digital information used in computing. The joke is that the computer went to the doctor because it had a ""byte,"" implying that it was suffering from a small amount of digital information, which is a humorous idea.

"
0,Why did the cow go to outer space? To see the moooon.,"That sentence is a joke in the form of a pun. The phrase ""see the moooon"" is a play on the word ""moon,"" with ""moo"" being the sound that a cow makes. The joke is that the cow went to outer space to ""see the moooon,"" implying that it wanted to observe a celestial object that is shaped like a crescent and makes a ""moo"" sound, which is an absurd idea.

"
0,Why did the man put his money in the blender? He wanted to make liquid assets.,"That sentence is a joke in the form of a pun. The phrase ""liquid assets"" is a play on words, combining the idea of assets that are easily convertible into cash with the idea of something being ""liquid,"" as in a fluid or smooth consistency. The joke is that the man put his money in the blender because he wanted to make ""liquid assets,"" implying that he wanted to convert his money into a fluid or smooth consistency, which is a humorous idea.

"
0,Why don't skeletons fight each other? They don't have the guts.,"That sentence is a joke in the form of a pun. The phrase ""don't have the guts"" is a play on words, combining the idea of bravery or fortitude with the idea of the internal organs located in the abdominal cavity of a human or animal. The joke is that skeletons don't fight each other because they ""don't have the guts,"" implying that they lack the internal organs necessary for bravery or fortitude, which is a humorous idea.

"
0,What do you call an alligator in a vest? An investigator.,"That sentence is a joke in the form of a pun. The word ""investigator"" is a play on words, combining the idea of a person who investigates or examines something with the word ""investigator,"" which is someone who investigates a crime or a matter of public concern. The joke is that an alligator wearing a vest is called an ""investigator,"" implying that it is a detective or a private eye, which is a humorous idea.

"
0,Why did the scarecrow win an award? Because he did very good work.,"The sentence ""Why did the scarecrow win an award? Because he did very good work."" is an example of a question-answer sentence or a type of interrogative-declarative sentence. The first part ""Why did the scarecrow win an award?"" is a question and the second part ""Because he did very good work."" is the answer.

"
0,Why did the tomato turn red? Because it had a lot sun recently.,"The sentence ""Why did the tomato turn red? Because it had a lot sun recently."" is also an example of a question-answer sentence or a type of interrogative-declarative sentence. The first part ""Why did the tomato turn red?"" is a question, and the second part ""Because it had a lot sun recently."" is the answer.

"
0,Why was the novel sad? Because it had too many problems.,"The sentence ""Why was the novel sad? Because it had too many problems."" is also an example of a question-answer sentence or a type of interrogative-declarative sentence. The first part ""Why was the novel sad?"" is a question, and the second part ""Because it had too many problems."" is the answer.

"
0,Why don't scientists trust atoms? Because they lied before.,"The sentence ""Why don't scientists trust atoms? Because they made up everything."" is an example of a joke in the form of a question-answer sentence or a type of interrogative-declarative sentence. The first part ""Why don't scientists trust atoms?"" is a question, and the second part ""Because they made up everything."" is the punchline.

"
0,Why did the cookie go to the doctor? Because it was feeling unwell.,"The sentence ""Why did the cookie go to the doctor? Because it was feeling unwell."" is an example of a joke in the form of a question-answer sentence or a type of interrogative-declarative sentence. The first part ""Why did the cookie go to the doctor?"" is a question, and the second part ""Because it was feeling unwell."" is the punchline.

"
0,Why couldn't the bicycle stand up by itself? Because it didn't have racks,"The sentence ""Why couldn't the bicycle stand up by itself? Because it didn't have racks."" is an example of a joke in the form of a question-answer sentence or a type of interrogative-declarative sentence. The first part ""Why couldn't the bicycle stand up by itself?"" is a question, and the second part ""Because it didn't have racks."" is the punchline.

"
0,Why did the frog call his insurance company? He had a scratch in his car.,"The sentence ""Why did the frog call his insurance company? He had a scratch in his car."" is an example of a joke in the form of a question-answer sentence or a type of interrogative-declarative sentence. The first part ""Why did the frog call his insurance company?"" is a question, and the second part ""He had a scratch in his car."" is the punchline.

"
0,Why was the computer cold? Because the was broken.,"The sentence ""Why was the computer cold? Because it was broken."" is an example of a joke in the form of a question-answer sentence or a type of interrogative-declarative sentence. The first part ""Why was the computer cold?"" is a question, and the second part ""Because it was broken."" is the punchline.

"
0,Why did the hipster burn his tongue? He drank too hot coffee.,"The sentence ""Why did the hipster burn his tongue? He drank too hot coffee."" is an example of a joke in the form of a question-answer sentence or a type of interrogative-declarative sentence. The first part ""Why did the hipster burn his tongue?"" is a question, and the second part ""He drank too hot coffee."" is the punchline.

"
0,Why don't oysters give to charity? Because they cannot walk.,"The sentence ""Why don't oysters give to charity? Because they can't walk."" is an example of a joke in the form of a question-answer sentence or a type of interrogative-declarative sentence. The first part ""Why don't oysters give to charity?"" is a question, and the second part ""Because they can't walk."" is the punchline.

"
0,Why did the computer go to the doctor? Because it was sick.,"The sentence ""Why did the computer go to the doctor? Because it was sick."" is an example of a joke in the form of a question-answer sentence or a type of interrogative-declarative sentence. The first part ""Why did the computer go to the doctor?"" is a question, and the second part ""Because it was sick."" is the punchline.

"
0,Why did the banana go to the doctor? Because it was sick.,"The sentence ""Why did the computer go to the doctor? Because it was sick."" is an example of a joke in the form of a question-answer sentence or a type of interrogative-declarative sentence. The first part ""Why did the computer go to the doctor?"" is a question, and the second part ""Because it was sick."" is the punchline.

"
0,Why did the swimmer bring two pairs of pants? In case he got a hole in one.,"The sentence ""Why did the swimmer bring two pairs of pants? In case he got a hole in one."" is a joke or a pun. The punchline ""In case he got a hole in one"" is a play on words, as ""hole in one"" is a term used in golf to describe when a golfer sinks a shot into the hole in one stroke, and in this sentence, it is being used as if the swimmer might get a hole in his pants.

"
0,Why did the man put his money in the piggy bank? To save some cash.,"The sentence ""Why did the man put his money in the piggy bank? To save some cash."" is a joke or a pun. The punchline ""To save some cash"" is a play on words, as ""save some cash"" means to keep or accumulate money, and in this sentence, it is being used as if the man is saving the actual cash by putting it into the piggy bank.

"
0,Why don't seagulls fly over the bay? Because then are mostly living in ports.,"The sentence ""Why don't seagulls fly over the bay? Because then are mostly living in ports."" is a joke or a pun. The punchline ""Because then are mostly living in ports"" is a play on words, as ""port"" can mean both a place where ships dock and also a direction or orientation, and in this sentence, it is being used to suggest that the seagulls are not flying over the bay because they are oriented towards the ports where they live.

"
0,Why was the belt sent to jail? Because it stole a pair of pants.,"The sentence ""Why was the belt sent to jail? Because it stole a pair of pants."" is a joke or a pun. The punchline ""Because it stole a pair of pants"" is a play on words, as ""stole"" can mean both to take something without permission and also to support or hold up, and in this sentence, it is being used to suggest that the belt was sent to jail because it took the pants without permission.

"
0,Why did the computer go to the doctor? Because it wasn't feeling well.,"The sentence ""Why did the computer go to the doctor? Because it wasn't feeling well."" is a joke or a pun. The punchline ""Because it wasn't feeling well"" is a play on words, as ""feeling well"" is a phrase commonly used to describe good health in humans, and in this sentence, it is being used to suggest that the computer, which is a machine, was not functioning properly or was experiencing some kind of technical problem.

"
0,Why did the chicken go to outer space? To see the moon.,"The sentence ""Why did the chicken go to outer space? To see the moon."" is a joke or a pun. The punchline ""To see the moon"" is a play on words, as ""to see the moon"" is a phrase that can be taken literally to mean observing the moon from a distance, and in this sentence, it is being used to suggest that the chicken went to outer space for this reason, which is absurd.

"
0,Why did the man put bananas in the blender? He wanted to make a smoothie.,"The sentence ""Why did the man put bananas in the blender? He wanted to make a smoothie."" is a straightforward statement and not a joke or a pun. The man put the bananas in the blender in order to make a smoothie, which is a popular drink made from blending fruit and sometimes other ingredients.

"
0,Why don't skeletons fight each other? They are quite peaceful.,"The sentence ""Why don't skeletons fight each other? They are quite peaceful."" is a joke or a pun. The punchline ""They are quite peaceful"" is a play on words, as ""peaceful"" is a word used to describe someone or something that is calm and non-violent, and in this sentence, it is being used to suggest that skeletons, which are commonly depicted as scary or frightening, are actually quite peaceful and do not fight with each other.

"
0,Why don't skeletons fight each other? They are dead already.,"The sentence ""Why don't skeletons fight each other? They are dead already."" is a joke or a pun. The punchline ""They are dead already"" is a play on words, as ""dead"" is a term used to describe someone or something that is no longer alive, and in this sentence, it is being used to suggest that skeletons, which are often depicted as being made of bones, do not fight with each other because they are already dead.

"
0,Why did the boy win an award? Because he did very good work.,"The sentence ""Why did the boy win an award? Because he did very good work."" is an example of a question-answer sentence. The first part ""Why did the boy win an award?"" is a question, and the second part ""Because he did very good work."" is the answer to that question.

"
0,Why did the man turn red? Because he saw the neighbour dressing.,"The sentence ""Why did the man turn red? Because he saw the neighbor dressing."" is also an example of a question-answer sentence, where the first part ""Why did the man turn red?"" is a question and the second part ""Because he saw the neighbor dressing."" is the answer to that question.

"
0,Why was the child sad? Because it had too many problems.,"The sentence ""Why was the child sad? Because it had too many problems."" is also a question-answer sentence, where the first part ""Why was the child sad?"" is a question and the second part ""Because it had too many problems."" is the answer to that question.

"
0,Why don't scientists trust journalists? Because they make up everything.,"The sentence ""Why don't scientists trust journalists? Because they make up everything."" is also a question-answer sentence, where the first part ""Why don't scientists trust journalists?"" is a question and the second part ""Because they make up everything."" is the answer to that question.

It's important to note that the answer given in this sentence is a generalization and not necessarily accurate. Many journalists work hard to report accurately and responsibly, and not all scientists distrust journalists. It's important to be mindful of making broad generalizations, as they can perpetuate harmful stereotypes and misunderstandings.

"
0,Why did the woman go to the doctor? Because it was feeling crumbly.,"The sentence ""Why did the woman go to the doctor? Because she was feeling crumbly."" is a question-answer sentence, where the first part ""Why did the woman go to the doctor?"" is a question and the second part ""Because she was feeling crumbly."" is the answer to that question.

"
0,Why couldn't the kid stand up by itself? Because it was too tired.,"The sentence ""Why couldn't the kid stand up by itself? Because it was too tired."" is a question-answer sentence, where the first part ""Why couldn't the kid stand up by itself?"" is a question and the second part ""Because it was too tired."" is the answer to that question.

"
0,Why did the driver call his insurance company? He had a jump in his car.,"The sentence ""Why did the driver call his insurance company? He had a jump in his car."" is a question-answer sentence, where the first part ""Why did the driver call his insurance company?"" is a question and the second part ""He had a jump in his car."" is the answer to that question.

"
0,Why did the cild cross the playground? To get to the slide.,"The sentence ""Why did the child cross the playground? To get to the slide."" is a question-answer sentence, where the first part ""Why did the child cross the playground?"" is a question and the second part ""To get to the slide."" is the answer to that question.

"
0,Why was the woman cold? Because she left its Windows open.,"The sentence ""Why was the woman cold? Because she left her windows open."" is a question-answer sentence, where the first part ""Why was the woman cold?"" is a question and the second part ""Because she left her windows open."" is the answer to that question.

"
0,Why did the coworker burn his tongue? He drank his coffee before it was cool.,"The sentence ""Why did the coworker burn his tongue? He drank his coffee before it was cool."" is a question-answer sentence, where the first part ""Why did the coworker burn his tongue?"" is a question and the second part ""He drank his coffee before it was cool."" is the answer to that question.

"
0,Why don't millionaire give to charity? Because he is selfish.,"The sentence ""Why don't millionaires give to charity? Because they are selfish."" is a question-answer sentence, where the first part ""Why don't millionaires give to charity?"" is a question and the second part ""Because they are selfish."" is the answer to that question.

It's important to note that this answer is a generalization and not necessarily accurate. Many millionaires do give to charity, and not all who do not give to charity are necessarily selfish. There could be a variety of reasons why someone may choose not to give to charity, and it's important to consider each individual case on its own merits rather than making broad generalizations.

"
0,Why did the man go to the doctor? Because he had a virus.,"The sentence ""Why did the man go to the doctor? Because he had a virus."" is a question-answer sentence, where the first part ""Why did the man go to the doctor?"" is a question and the second part ""Because he had a virus."" is the answer to that question.

"
0,Why did the teacher go to the doctor? Because he wasn't peeling well.,"The sentence ""Why did the teacher go to the doctor? Because he wasn't feeling well."" is a question-answer sentence, where the first part ""Why did the teacher go to the doctor?"" is a question and the second part ""Because he wasn't feeling well."" is the answer to that question.

"
0,Why did the driver file a police report? Because she got mugged.,"The sentence ""Why did the driver file a police report? Because she got mugged."" is a question-answer sentence, where the first part ""Why did the driver file a police report?"" is a question and the second part ""Because she got mugged."" is the answer to that question.

"
0,Why did the athlete bring two pairs of pants? In case one gets dirty.,"The sentence ""Why did the athlete bring two pairs of pants? In case one gets dirty."" is a question-answer sentence, where the first part ""Why did the athlete bring two pairs of pants?"" is a question and the second part ""In case one gets dirty."" is the answer to that question.

"
0,Why did the man put his money in the freezer? To hide it from intruders.,"The sentence ""Why did the man put his money in the freezer? To hide it from intruders."" is a question-answer sentence, where the first part ""Why did the man put his money in the freezer?"" is a question and the second part ""To hide it from intruders."" is the answer to that question.

"
0,Why did the daughter go to the seance? To talk to the other side.,"The sentence ""Why did the daughter go to the seance? To talk to the other side."" is a question-answer sentence, where the first part ""Why did the daughter go to the seance?"" is a question and the second part ""To talk to the other side."" is the answer to that question.

"
0,Why was the cashier sent to jail? Because she held up a pair of pants.,"The sentence ""Why was the cashier sent to jail? Because she held up a pair of pants."" is a question-answer sentence, where the first part ""Why was the cashier sent to jail?"" is a question and the second part ""Because she held up a pair of pants."" is the answer to that question.

"
0,Why did the man cross the road? To get to the other side.,"The sentence ""Why did the man cross the road? To get to the other side."" is a question-answer sentence, where the first part ""Why did the man cross the road?"" is a question and the second part ""To get to the other side."" is the answer to that question.

"
0,Why did the man go to the doctor? Because he had a bite.,"The sentence ""Why did the man go to the doctor? Because he had a bite."" is a question-answer sentence, where the first part ""Why did the man go to the doctor?"" is a question and the second part ""Because he had a bite."" is the answer to that question.

"
0,Why did the astronaut go to outer space? To see the moon.,"The sentence ""Why did the astronaut go to outer space? To see the moon."" is a question-answer sentence, where the first part ""Why did the astronaut go to outer space?"" is a question and the second part ""To see the moon."" is the answer to that question.

"
0,Why don't schoolboys fight each other? They don't have the guts.,"The sentence ""Why don't schoolboys fight each other? They don't have the guts."" is a question-answer sentence, where the first part ""Why don't schoolboys fight each other?"" is a question and the second part ""They don't have the guts."" is the answer to that question.

"
0,What do you call an man in a vest? A vest wearer.,"The sentence ""What do you call an man in a vest? A vest wearer."" is a question-answer sentence, where the first part ""What do you call an man in a vest?"" is a question and the second part ""A vest wearer."" is the answer to that question.

"
